MSA ID,MSA and Divisions Name,MSA and Divisions Long Name,Year,Source,% High Skill Jobs,% Medium Skill Jobs,% Low Skill Jobs
12060,Atlanta MSA,"Atlanta-Sandy Springs-Marietta, GA",2004,U.S. Bureau of Labor Statistics,17.32,41.01,41.67
12580,Baltimore MSA,"Baltimore-Towson, MD",2004,U.S. Bureau of Labor Statistics,18.36,41.29,40.35
16974,Chicago MSA Division,"Chicago-Joliet-Naperville, IL Metropolitan Division",2004,U.S. Bureau of Labor Statistics,17.91,41.7,40.4
19124,Dallas MSA Division,"Dallas-Plano-Irving, TX Metropolitan Division",2004,U.S. Bureau of Labor Statistics,16.39,41.96,41.65
19740,Denver MSA,"Denver-Aurora-Broomfield, CO",2004,U.S. Bureau of Labor Statistics,17.76,41.52,40.72
26420,Houston MSA,"Houston-Sugar Land-Baytown, TX",2004,U.S. Bureau of Labor Statistics,16.65,40.6,42.75
31084,Los Angeles MSA Division,"Los Angeles-Long Beach-Glendale, CA  Metropolitan Division",2004,U.S. Bureau of Labor Statistics,16.29,41.48,42.22
33460,Minneapolis MSA,"Minneapolis-St. Paul-Bloomington, MN-WI",2004,U.S. Bureau of Labor Statistics,17.75,43.16,39.09
35004,Nassau MSA,"Nassau-Suffolk, NY Metropolitan Division",2004,U.S. Bureau of Labor Statistics,15.33,41.85,42.82
35644,New York MSA Division,"New York-White Plains-Wayne, NY-NJ Metropolitan Division",2004,U.S. Bureau of Labor Statistics,18.85,37.06,44.09
36740,Orlando MSA,"Orlando-Kissimmee-Sanford, FL",2004,U.S. Bureau of Labor Statistics,13.05,40.4,46.55
37964,Philadelphia MSA Division,"Philadelphia, PA Metropolitan Division",2004,U.S. Bureau of Labor Statistics,18.26,42.23,39.51
38060,Phoenix MSA,"Phoenix-Mesa-Glendale, AZ",2004,U.S. Bureau of Labor Statistics,15.34,41.48,43.18
38300,Pittsburgh MSA,"Pittsburgh, PA",2004,U.S. Bureau of Labor Statistics,16.25,41.33,42.42
38900,Portland MSA,"Portland-Vancouver-Hillsboro, OR-WA",2004,U.S. Bureau of Labor Statistics,16.01,42.06,41.93
40140,Riverside MSA,"Riverside-San Bernardino-Ontario, CA",2004,U.S. Bureau of Labor Statistics,13.86,43.36,42.77
41180,"St. Louis, MO MSA","St. Louis, MO-IL",2004,U.S. Bureau of Labor Statistics,16,42.34,41.66
41740,San Diego MSA,"San Diego-Carlsbad-San Marcos, CA",2004,U.S. Bureau of Labor Statistics,15.98,40.58,43.44
41884,San Francisco MSA Division,"San Francisco-San Mateo-Redwood City, CA Metropolitan Division",2004,U.S. Bureau of Labor Statistics,19.89,36.68,43.44
42044,Santa Ana MSA Division,"Santa Ana-Anaheim-Irvine, CA Metropolitan Division",2004,U.S. Bureau of Labor Statistics,,,
42644,Seattle MSA Division,"Seattle-Bellevue-Everett, WA Metropolitan Division",2004,U.S. Bureau of Labor Statistics,16.63,40.07,43.3
45300,Tampa MSA,"Tampa-St. Petersburg-Clearwater, FL",2004,U.S. Bureau of Labor Statistics,12.13,42.47,45.4
47644,Warren MSA Division,"Warren-Troy-Farmington Hills, MI Metropolitan Division",2004,U.S. Bureau of Labor Statistics,,,
47894,Washington MSA Division,"Washington-Arlington-Alexandria, DC-VA-MD-WV Metropolitan Division",2004,U.S. Bureau of Labor Statistics,23.32,37.6,39.08
71654,Boston MSA Division,"Boston-Cambridge-Quincy, MA NECTA Division",2004,U.S. Bureau of Labor Statistics,23.14,38.68,38.18
12060,Atlanta MSA,"Atlanta-Sandy Springs-Marietta, GA",2005,U.S. Bureau of Labor Statistics,16.38,40.88,42.74
12580,Baltimore MSA,"Baltimore-Towson, MD",2005,U.S. Bureau of Labor Statistics,19.06,40.92,40.02
16974,Chicago MSA Division,"Chicago-Joliet-Naperville, IL Metropolitan Division",2005,U.S. Bureau of Labor Statistics,18.05,40.57,41.38
19124,Dallas MSA Division,"Dallas-Plano-Irving, TX Metropolitan Division",2005,U.S. Bureau of Labor Statistics,16.69,41.91,41.4
19740,Denver MSA,"Denver-Aurora-Broomfield, CO",2005,U.S. Bureau of Labor Statistics,18,41.26,40.74
26420,Houston MSA,"Houston-Sugar Land-Baytown, TX",2005,U.S. Bureau of Labor Statistics,17.3,41.64,41.06
31084,Los Angeles MSA Division,"Los Angeles-Long Beach-Glendale, CA  Metropolitan Division",2005,U.S. Bureau of Labor Statistics,16.51,41.53,41.96
33460,Minneapolis MSA,"Minneapolis-St. Paul-Bloomington, MN-WI",2005,U.S. Bureau of Labor Statistics,17.4,43.21,39.39
35004,Nassau MSA,"Nassau-Suffolk, NY Metropolitan Division",2005,U.S. Bureau of Labor Statistics,17.06,39.4,43.54
35644,New York MSA Division,"New York-White Plains-Wayne, NY-NJ Metropolitan Division",2005,U.S. Bureau of Labor Statistics,20.35,40.28,39.37
36740,Orlando MSA,"Orlando-Kissimmee-Sanford, FL",2005,U.S. Bureau of Labor Statistics,13.05,40.39,46.56
37964,Philadelphia MSA Division,"Philadelphia, PA Metropolitan Division",2005,U.S. Bureau of Labor Statistics,18.74,40.38,40.87
38060,Phoenix MSA,"Phoenix-Mesa-Glendale, AZ",2005,U.S. Bureau of Labor Statistics,15.68,38.57,45.75
38300,Pittsburgh MSA,"Pittsburgh, PA",2005,U.S. Bureau of Labor Statistics,16.05,41.7,42.25
38900,Portland MSA,"Portland-Vancouver-Hillsboro, OR-WA",2005,U.S. Bureau of Labor Statistics,15.65,42.38,41.96
40140,Riverside MSA,"Riverside-San Bernardino-Ontario, CA",2005,U.S. Bureau of Labor Statistics,13.97,42.59,43.44
41180,"St. Louis, MO MSA","St. Louis, MO-IL",2005,U.S. Bureau of Labor Statistics,15.33,42.31,42.36
41740,San Diego MSA,"San Diego-Carlsbad-San Marcos, CA",2005,U.S. Bureau of Labor Statistics,17.72,39.75,42.54
41884,San Francisco MSA Division,"San Francisco-San Mateo-Redwood City, CA Metropolitan Division",2005,U.S. Bureau of Labor Statistics,20.48,36.9,42.62
42044,Santa Ana MSA Division,"Santa Ana-Anaheim-Irvine, CA Metropolitan Division",2005,U.S. Bureau of Labor Statistics,16.18,42,41.82
42644,Seattle MSA Division,"Seattle-Bellevue-Everett, WA Metropolitan Division",2005,U.S. Bureau of Labor Statistics,16.79,39.47,43.74
45300,Tampa MSA,"Tampa-St. Petersburg-Clearwater, FL",2005,U.S. Bureau of Labor Statistics,12.4,42.07,45.53
47644,Warren MSA Division,"Warren-Troy-Farmington Hills, MI Metropolitan Division",2005,U.S. Bureau of Labor Statistics,16.36,42.51,41.13
47894,Washington MSA Division,"Washington-Arlington-Alexandria, DC-VA-MD-WV Metropolitan Division",2005,U.S. Bureau of Labor Statistics,23.21,37.2,39.59
71654,Boston MSA Division,"Boston-Cambridge-Quincy, MA NECTA Division",2005,U.S. Bureau of Labor Statistics,23.31,37.16,39.53
12060,Atlanta MSA,"Atlanta-Sandy Springs-Marietta, GA",2006,U.S. Bureau of Labor Statistics,17.93,41.67,40.4
12580,Baltimore MSA,"Baltimore-Towson, MD",2006,U.S. Bureau of Labor Statistics,19.28,39.94,40.78
16974,Chicago MSA Division,"Chicago-Joliet-Naperville, IL Metropolitan Division",2006,U.S. Bureau of Labor Statistics,17.95,41.05,41
19124,Dallas MSA Division,"Dallas-Plano-Irving, TX Metropolitan Division",2006,U.S. Bureau of Labor Statistics,17.06,42.1,40.84
19740,Denver MSA,"Denver-Aurora-Broomfield, CO",2006,U.S. Bureau of Labor Statistics,17.92,40.74,41.34
26420,Houston MSA,"Houston-Sugar Land-Baytown, TX",2006,U.S. Bureau of Labor Statistics,16.94,42.31,40.75
31084,Los Angeles MSA Division,"Los Angeles-Long Beach-Glendale, CA  Metropolitan Division",2006,U.S. Bureau of Labor Statistics,17.45,41.54,41.01
33460,Minneapolis MSA,"Minneapolis-St. Paul-Bloomington, MN-WI",2006,U.S. Bureau of Labor Statistics,17.47,43.22,39.3
35004,Nassau MSA,"Nassau-Suffolk, NY Metropolitan Division",2006,U.S. Bureau of Labor Statistics,16.76,42.8,40.44
35644,New York MSA Division,"New York-White Plains-Wayne, NY-NJ Metropolitan Division",2006,U.S. Bureau of Labor Statistics,21.11,39.02,39.87
36740,Orlando MSA,"Orlando-Kissimmee-Sanford, FL",2006,U.S. Bureau of Labor Statistics,13.87,40.57,45.56
37964,Philadelphia MSA Division,"Philadelphia, PA Metropolitan Division",2006,U.S. Bureau of Labor Statistics,19.01,40.93,40.06
38060,Phoenix MSA,"Phoenix-Mesa-Glendale, AZ",2006,U.S. Bureau of Labor Statistics,15.77,41.54,42.7
38300,Pittsburgh MSA,"Pittsburgh, PA",2006,U.S. Bureau of Labor Statistics,15.69,42.24,42.07
38900,Portland MSA,"Portland-Vancouver-Hillsboro, OR-WA",2006,U.S. Bureau of Labor Statistics,16.22,43.36,40.42
40140,Riverside MSA,"Riverside-San Bernardino-Ontario, CA",2006,U.S. Bureau of Labor Statistics,13.23,43.2,43.56
41180,"St. Louis, MO MSA","St. Louis, MO-IL",2006,U.S. Bureau of Labor Statistics,15.09,38.96,45.95
41740,San Diego MSA,"San Diego-Carlsbad-San Marcos, CA",2006,U.S. Bureau of Labor Statistics,18.02,41.03,40.96
41884,San Francisco MSA Division,"San Francisco-San Mateo-Redwood City, CA Metropolitan Division",2006,U.S. Bureau of Labor Statistics,22.03,36.53,41.45
42044,Santa Ana MSA Division,"Santa Ana-Anaheim-Irvine, CA Metropolitan Division",2006,U.S. Bureau of Labor Statistics,16.97,42.18,40.85
42644,Seattle MSA Division,"Seattle-Bellevue-Everett, WA Metropolitan Division",2006,U.S. Bureau of Labor Statistics,16.53,38.77,44.69
45300,Tampa MSA,"Tampa-St. Petersburg-Clearwater, FL",2006,U.S. Bureau of Labor Statistics,13.11,43.33,43.55
47644,Warren MSA Division,"Warren-Troy-Farmington Hills, MI Metropolitan Division",2006,U.S. Bureau of Labor Statistics,17.5,42.5,40
47894,Washington MSA Division,"Washington-Arlington-Alexandria, DC-VA-MD-WV Metropolitan Division",2006,U.S. Bureau of Labor Statistics,23.52,36.45,40.03
71654,Boston MSA Division,"Boston-Cambridge-Quincy, MA NECTA Division",2006,U.S. Bureau of Labor Statistics,23.95,37.75,38.3
12060,Atlanta MSA,"Atlanta-Sandy Springs-Marietta, GA",2007,U.S. Bureau of Labor Statistics,18.58,41.47,39.95
12580,Baltimore MSA,"Baltimore-Towson, MD",2007,U.S. Bureau of Labor Statistics,19.91,39.71,40.38
16974,Chicago MSA Division,"Chicago-Joliet-Naperville, IL Metropolitan Division",2007,U.S. Bureau of Labor Statistics,18.2,42,39.81
19124,Dallas MSA Division,"Dallas-Plano-Irving, TX Metropolitan Division",2007,U.S. Bureau of Labor Statistics,17.69,42.65,39.66
19740,Denver MSA,"Denver-Aurora-Broomfield, CO",2007,U.S. Bureau of Labor Statistics,19.55,40.59,39.86
26420,Houston MSA,"Houston-Sugar Land-Baytown, TX",2007,U.S. Bureau of Labor Statistics,17.87,42.55,39.58
31084,Los Angeles MSA Division,"Los Angeles-Long Beach-Glendale, CA  Metropolitan Division",2007,U.S. Bureau of Labor Statistics,19.1,41.49,39.41
33460,Minneapolis MSA,"Minneapolis-St. Paul-Bloomington, MN-WI",2007,U.S. Bureau of Labor Statistics,18.35,43.59,38.06
35004,Nassau MSA,"Nassau-Suffolk, NY Metropolitan Division",2007,U.S. Bureau of Labor Statistics,17.64,43.02,39.34
35644,New York MSA Division,"New York-White Plains-Wayne, NY-NJ Metropolitan Division",2007,U.S. Bureau of Labor Statistics,21.27,38.6,40.13
36740,Orlando MSA,"Orlando-Kissimmee-Sanford, FL",2007,U.S. Bureau of Labor Statistics,14.02,40.65,45.33
37964,Philadelphia MSA Division,"Philadelphia, PA Metropolitan Division",2007,U.S. Bureau of Labor Statistics,19.08,40.79,40.13
38060,Phoenix MSA,"Phoenix-Mesa-Glendale, AZ",2007,U.S. Bureau of Labor Statistics,16.8,41.66,41.54
38300,Pittsburgh MSA,"Pittsburgh, PA",2007,U.S. Bureau of Labor Statistics,16.31,42.94,40.75
38900,Portland MSA,"Portland-Vancouver-Hillsboro, OR-WA",2007,U.S. Bureau of Labor Statistics,17.69,43.55,38.77
40140,Riverside MSA,"Riverside-San Bernardino-Ontario, CA",2007,U.S. Bureau of Labor Statistics,14.49,42.48,43.03
41180,"St. Louis, MO MSA","St. Louis, MO-IL",2007,U.S. Bureau of Labor Statistics,16.38,42.65,40.97
41740,San Diego MSA,"San Diego-Carlsbad-San Marcos, CA",2007,U.S. Bureau of Labor Statistics,18.85,40.58,40.57
41884,San Francisco MSA Division,"San Francisco-San Mateo-Redwood City, CA Metropolitan Division",2007,U.S. Bureau of Labor Statistics,22.82,36.22,40.96
42044,Santa Ana MSA Division,"Santa Ana-Anaheim-Irvine, CA Metropolitan Division",2007,U.S. Bureau of Labor Statistics,18.03,41.9,40.07
42644,Seattle MSA Division,"Seattle-Bellevue-Everett, WA Metropolitan Division",2007,U.S. Bureau of Labor Statistics,18.58,39.6,41.82
45300,Tampa MSA,"Tampa-St. Petersburg-Clearwater, FL",2007,U.S. Bureau of Labor Statistics,14.6,42.97,42.42
47644,Warren MSA Division,"Warren-Troy-Farmington Hills, MI Metropolitan Division",2007,U.S. Bureau of Labor Statistics,17.65,42.97,39.38
47894,Washington MSA Division,"Washington-Arlington-Alexandria, DC-VA-MD-WV Metropolitan Division",2007,U.S. Bureau of Labor Statistics,24.56,36.27,39.16
71654,Boston MSA Division,"Boston-Cambridge-Quincy, MA NECTA Division",2007,U.S. Bureau of Labor Statistics,24.66,37.96,37.38
12060,Atlanta MSA,"Atlanta-Sandy Springs-Marietta, GA",2008,U.S. Bureau of Labor Statistics,17.85,40.79,41.36
12580,Baltimore MSA,"Baltimore-Towson, MD",2008,U.S. Bureau of Labor Statistics,20.09,41.16,38.75
16974,Chicago MSA Division,"Chicago-Joliet-Naperville, IL Metropolitan Division",2008,U.S. Bureau of Labor Statistics,17.83,41.98,40.19
19124,Dallas MSA Division,"Dallas-Plano-Irving, TX Metropolitan Division",2008,U.S. Bureau of Labor Statistics,17.73,42.07,40.2
19740,Denver MSA,"Denver-Aurora-Broomfield, CO",2008,U.S. Bureau of Labor Statistics,19.35,40.12,40.53
26420,Houston MSA,"Houston-Sugar Land-Baytown, TX",2008,U.S. Bureau of Labor Statistics,17.88,42.54,39.58
31084,Los Angeles MSA Division,"Los Angeles-Long Beach-Glendale, CA  Metropolitan Division",2008,U.S. Bureau of Labor Statistics,19.37,41.14,39.49
33460,Minneapolis MSA,"Minneapolis-St. Paul-Bloomington, MN-WI",2008,U.S. Bureau of Labor Statistics,18.49,42.97,38.54
35004,Nassau MSA,"Nassau-Suffolk, NY Metropolitan Division",2008,U.S. Bureau of Labor Statistics,17.51,43.8,38.7
35644,New York MSA Division,"New York-White Plains-Wayne, NY-NJ Metropolitan Division",2008,U.S. Bureau of Labor Statistics,22.25,39.33,38.42
36740,Orlando MSA,"Orlando-Kissimmee-Sanford, FL",2008,U.S. Bureau of Labor Statistics,13.65,40.12,46.23
37964,Philadelphia MSA Division,"Philadelphia, PA Metropolitan Division",2008,U.S. Bureau of Labor Statistics,19.26,40.77,39.97
38060,Phoenix MSA,"Phoenix-Mesa-Glendale, AZ",2008,U.S. Bureau of Labor Statistics,14.6,42.58,42.82
38300,Pittsburgh MSA,"Pittsburgh, PA",2008,U.S. Bureau of Labor Statistics,16.56,42.16,41.28
38900,Portland MSA,"Portland-Vancouver-Hillsboro, OR-WA",2008,U.S. Bureau of Labor Statistics,17.39,42.79,39.82
40140,Riverside MSA,"Riverside-San Bernardino-Ontario, CA",2008,U.S. Bureau of Labor Statistics,14.87,41.84,43.29
41180,"St. Louis, MO MSA","St. Louis, MO-IL",2008,U.S. Bureau of Labor Statistics,16.47,42.42,41.11
41740,San Diego MSA,"San Diego-Carlsbad-San Marcos, CA",2008,U.S. Bureau of Labor Statistics,19.78,39.78,40.44
41884,San Francisco MSA Division,"San Francisco-San Mateo-Redwood City, CA Metropolitan Division",2008,U.S. Bureau of Labor Statistics,23.37,35.6,41.03
42044,Santa Ana MSA Division,"Santa Ana-Anaheim-Irvine, CA Metropolitan Division",2008,U.S. Bureau of Labor Statistics,18.46,41.36,40.18
42644,Seattle MSA Division,"Seattle-Bellevue-Everett, WA Metropolitan Division",2008,U.S. Bureau of Labor Statistics,17.76,39.24,43
45300,Tampa MSA,"Tampa-St. Petersburg-Clearwater, FL",2008,U.S. Bureau of Labor Statistics,15.59,42.65,41.75
47644,Warren MSA Division,"Warren-Troy-Farmington Hills, MI Metropolitan Division",2008,U.S. Bureau of Labor Statistics,18.23,42.62,39.15
47894,Washington MSA Division,"Washington-Arlington-Alexandria, DC-VA-MD-WV Metropolitan Division",2008,U.S. Bureau of Labor Statistics,23.3,36.01,40.69
71654,Boston MSA Division,"Boston-Cambridge-Quincy, MA NECTA Division",2008,U.S. Bureau of Labor Statistics,25.01,37.81,37.18
12060,Atlanta MSA,"Atlanta-Sandy Springs-Marietta, GA",2009,U.S. Bureau of Labor Statistics,20.33,40.33,39.35
12580,Baltimore MSA,"Baltimore-Towson, MD",2009,U.S. Bureau of Labor Statistics,21.1,40.63,38.27
16974,Chicago MSA Division,"Chicago-Joliet-Naperville, IL Metropolitan Division",2009,U.S. Bureau of Labor Statistics,19.77,40.62,39.61
19124,Dallas MSA Division,"Dallas-Plano-Irving, TX Metropolitan Division",2009,U.S. Bureau of Labor Statistics,18.99,42.01,39
19740,Denver MSA,"Denver-Aurora-Broomfield, CO",2009,U.S. Bureau of Labor Statistics,19.69,39.97,40.34
26420,Houston MSA,"Houston-Sugar Land-Baytown, TX",2009,U.S. Bureau of Labor Statistics,18.67,42.12,39.21
31084,Los Angeles MSA Division,"Los Angeles-Long Beach-Glendale, CA  Metropolitan Division",2009,U.S. Bureau of Labor Statistics,19.8,41.09,39.11
33460,Minneapolis MSA,"Minneapolis-St. Paul-Bloomington, MN-WI",2009,U.S. Bureau of Labor Statistics,18.84,42.54,38.63
35004,Nassau MSA,"Nassau-Suffolk, NY Metropolitan Division",2009,U.S. Bureau of Labor Statistics,17.97,43.48,38.55
35644,New York MSA Division,"New York-White Plains-Wayne, NY-NJ Metropolitan Division",2009,U.S. Bureau of Labor Statistics,22.68,38.07,39.24
36740,Orlando MSA,"Orlando-Kissimmee-Sanford, FL",2009,U.S. Bureau of Labor Statistics,14.41,39.73,45.86
37964,Philadelphia MSA Division,"Philadelphia, PA Metropolitan Division",2009,U.S. Bureau of Labor Statistics,20.36,40.59,39.05
38060,Phoenix MSA,"Phoenix-Mesa-Glendale, AZ",2009,U.S. Bureau of Labor Statistics,17.28,42.08,40.64
38300,Pittsburgh MSA,"Pittsburgh, PA",2009,U.S. Bureau of Labor Statistics,17.25,41.84,40.91
38900,Portland MSA,"Portland-Vancouver-Hillsboro, OR-WA",2009,U.S. Bureau of Labor Statistics,18.64,42.65,38.71
40140,Riverside MSA,"Riverside-San Bernardino-Ontario, CA",2009,U.S. Bureau of Labor Statistics,15.3,41.38,43.32
41180,"St. Louis, MO MSA","St. Louis, MO-IL",2009,U.S. Bureau of Labor Statistics,17.18,41.88,40.94
41740,San Diego MSA,"San Diego-Carlsbad-San Marcos, CA",2009,U.S. Bureau of Labor Statistics,20.54,39.59,39.87
41884,San Francisco MSA Division,"San Francisco-San Mateo-Redwood City, CA Metropolitan Division",2009,U.S. Bureau of Labor Statistics,24.01,35.19,40.8
42044,Santa Ana MSA Division,"Santa Ana-Anaheim-Irvine, CA Metropolitan Division",2009,U.S. Bureau of Labor Statistics,19,41.62,39.38
42644,Seattle MSA Division,"Seattle-Bellevue-Everett, WA Metropolitan Division",2009,U.S. Bureau of Labor Statistics,19.78,38.2,42.02
45300,Tampa MSA,"Tampa-St. Petersburg-Clearwater, FL",2009,U.S. Bureau of Labor Statistics,16.66,41.49,41.85
47644,Warren MSA Division,"Warren-Troy-Farmington Hills, MI Metropolitan Division",2009,U.S. Bureau of Labor Statistics,18.71,42.35,38.94
47894,Washington MSA Division,"Washington-Arlington-Alexandria, DC-VA-MD-WV Metropolitan Division",2009,U.S. Bureau of Labor Statistics,26.3,35.63,38.06
71654,Boston MSA Division,"Boston-Cambridge-Quincy, MA NECTA Division",2009,U.S. Bureau of Labor Statistics,25.72,37.28,37
12060,Atlanta MSA,"Atlanta-Sandy Springs-Marietta, GA",2010,U.S. Bureau of Labor Statistics,22.59,40.87,36.54
12580,Baltimore MSA,"Baltimore-Towson, MD",2010,U.S. Bureau of Labor Statistics,23.44,40.37,36.19
16974,Chicago MSA Division,"Chicago-Joliet-Naperville, IL Metropolitan Division",2010,U.S. Bureau of Labor Statistics,21.24,40.68,38.08
19124,Dallas MSA Division,"Dallas-Plano-Irving, TX Metropolitan Division",2010,U.S. Bureau of Labor Statistics,22.06,42.14,35.8
19740,Denver MSA,"Denver-Aurora-Broomfield, CO",2010,U.S. Bureau of Labor Statistics,23.14,40.61,36.26
26420,Houston MSA,"Houston-Sugar Land-Baytown, TX",2010,U.S. Bureau of Labor Statistics,20.85,42.16,36.99
31084,Los Angeles MSA Division,"Los Angeles-Long Beach-Glendale, CA  Metropolitan Division",2010,U.S. Bureau of Labor Statistics,21.51,40.12,38.38
33460,Minneapolis MSA,"Minneapolis-St. Paul-Bloomington, MN-WI",2010,U.S. Bureau of Labor Statistics,22.24,40.94,36.83
35004,Nassau MSA,"Nassau-Suffolk, NY Metropolitan Division",2010,U.S. Bureau of Labor Statistics,18.97,43.64,37.39
35644,New York MSA Division,"New York-White Plains-Wayne, NY-NJ Metropolitan Division",2010,U.S. Bureau of Labor Statistics,24.76,38.14,37.1
36740,Orlando MSA,"Orlando-Kissimmee-Sanford, FL",2010,U.S. Bureau of Labor Statistics,16.18,40.29,43.53
37964,Philadelphia MSA Division,"Philadelphia, PA Metropolitan Division",2010,U.S. Bureau of Labor Statistics,22.98,41.1,35.92
38060,Phoenix MSA,"Phoenix-Mesa-Glendale, AZ",2010,U.S. Bureau of Labor Statistics,19.64,41.64,38.72
38300,Pittsburgh MSA,"Pittsburgh, PA",2010,U.S. Bureau of Labor Statistics,19.24,42.09,38.68
38900,Portland MSA,"Portland-Vancouver-Hillsboro, OR-WA",2010,U.S. Bureau of Labor Statistics,20.45,40.91,38.64
40140,Riverside MSA,"Riverside-San Bernardino-Ontario, CA",2010,U.S. Bureau of Labor Statistics,15.92,40.6,43.47
41180,"St. Louis, MO MSA","St. Louis, MO-IL",2010,U.S. Bureau of Labor Statistics,20.07,41.68,38.24
41740,San Diego MSA,"San Diego-Carlsbad-San Marcos, CA",2010,U.S. Bureau of Labor Statistics,22.67,39.16,38.17
41884,San Francisco MSA Division,"San Francisco-San Mateo-Redwood City, CA Metropolitan Division",2010,U.S. Bureau of Labor Statistics,28.43,34.43,37.14
42044,Santa Ana MSA Division,"Santa Ana-Anaheim-Irvine, CA Metropolitan Division",2010,U.S. Bureau of Labor Statistics,20.92,40.8,38.28
42644,Seattle MSA Division,"Seattle-Bellevue-Everett, WA Metropolitan Division",2010,U.S. Bureau of Labor Statistics,25.06,37.02,37.92
45300,Tampa MSA,"Tampa-St. Petersburg-Clearwater, FL",2010,U.S. Bureau of Labor Statistics,18.45,41.37,40.18
47644,Warren MSA Division,"Warren-Troy-Farmington Hills, MI Metropolitan Division",2010,U.S. Bureau of Labor Statistics,20.96,41.83,37.21
47894,Washington MSA Division,"Washington-Arlington-Alexandria, DC-VA-MD-WV Metropolitan Division",2010,U.S. Bureau of Labor Statistics,31.75,35.48,32.77
71654,Boston MSA Division,"Boston-Cambridge-Quincy, MA NECTA Division",2010,U.S. Bureau of Labor Statistics,29.43,37.06,33.5
12060,Atlanta MSA,"Atlanta-Sandy Springs-Marietta, GA",2011,U.S. Bureau of Labor Statistics,21.95,40.91,37.14
12580,Baltimore MSA,"Baltimore-Towson, MD",2011,U.S. Bureau of Labor Statistics,24.19,39.05,36.76
16974,Chicago MSA Division,"Chicago-Joliet-Naperville, IL Metropolitan Division",2011,U.S. Bureau of Labor Statistics,21.48,40.53,37.98
19124,Dallas MSA Division,"Dallas-Plano-Irving, TX Metropolitan Division",2011,U.S. Bureau of Labor Statistics,22.29,41.98,35.73
19740,Denver MSA,"Denver-Aurora-Broomfield, CO",2011,U.S. Bureau of Labor Statistics,22.75,40.28,36.97
26420,Houston MSA,"Houston-Sugar Land-Baytown, TX",2011,U.S. Bureau of Labor Statistics,20.74,42.05,37.21
31084,Los Angeles MSA Division,"Los Angeles-Long Beach-Glendale, CA  Metropolitan Division",2011,U.S. Bureau of Labor Statistics,21.51,39.79,38.7
33460,Minneapolis MSA,"Minneapolis-St. Paul-Bloomington, MN-WI",2011,U.S. Bureau of Labor Statistics,22.66,40.41,36.94
35004,Nassau MSA,"Nassau-Suffolk, NY Metropolitan Division",2011,U.S. Bureau of Labor Statistics,18.85,43.3,37.85
35644,New York MSA Division,"New York-White Plains-Wayne, NY-NJ Metropolitan Division",2011,U.S. Bureau of Labor Statistics,24.81,37.76,37.43
36740,Orlando MSA,"Orlando-Kissimmee-Sanford, FL",2011,U.S. Bureau of Labor Statistics,16.29,39.73,43.98
37964,Philadelphia MSA Division,"Philadelphia, PA Metropolitan Division",2011,U.S. Bureau of Labor Statistics,22.85,40.96,36.18
38060,Phoenix MSA,"Phoenix-Mesa-Glendale, AZ",2011,U.S. Bureau of Labor Statistics,20.77,41.02,38.21
38300,Pittsburgh MSA,"Pittsburgh, PA",2011,U.S. Bureau of Labor Statistics,19.37,42.55,38.08
38900,Portland MSA,"Portland-Vancouver-Hillsboro, OR-WA",2011,U.S. Bureau of Labor Statistics,20.67,40.38,38.96
40140,Riverside MSA,"Riverside-San Bernardino-Ontario, CA",2011,U.S. Bureau of Labor Statistics,16.29,40.9,42.8
41180,"St. Louis, MO MSA","St. Louis, MO-IL",2011,U.S. Bureau of Labor Statistics,20.46,41.49,38.06
41740,San Diego MSA,"San Diego-Carlsbad-San Marcos, CA",2011,U.S. Bureau of Labor Statistics,22.73,38.38,38.89
41884,San Francisco MSA Division,"San Francisco-San Mateo-Redwood City, CA Metropolitan Division",2011,U.S. Bureau of Labor Statistics,28.85,33.79,37.37
42044,Santa Ana MSA Division,"Santa Ana-Anaheim-Irvine, CA Metropolitan Division",2011,U.S. Bureau of Labor Statistics,21.46,40.56,37.97
42644,Seattle MSA Division,"Seattle-Bellevue-Everett, WA Metropolitan Division",2011,U.S. Bureau of Labor Statistics,26.08,36.01,37.91
45300,Tampa MSA,"Tampa-St. Petersburg-Clearwater, FL",2011,U.S. Bureau of Labor Statistics,18.39,42.45,39.16
47644,Warren MSA Division,"Warren-Troy-Farmington Hills, MI Metropolitan Division",2011,U.S. Bureau of Labor Statistics,21,41.69,37.31
47894,Washington MSA Division,"Washington-Arlington-Alexandria, DC-VA-MD-WV Metropolitan Division",2011,U.S. Bureau of Labor Statistics,31.99,34.66,33.36
71654,Boston MSA Division,"Boston-Cambridge-Quincy, MA NECTA Division",2011,U.S. Bureau of Labor Statistics,29.97,36.86,33.17
12060,Atlanta MSA,"Atlanta-Sandy Springs-Marietta, GA",2012,U.S. Bureau of Labor Statistics,23.42,41.71,34.86
12580,Baltimore MSA,"Baltimore-Towson, MD",2012,U.S. Bureau of Labor Statistics,25.94,40.92,33.15
16974,Chicago MSA Division,"Chicago-Joliet-Naperville, IL Metropolitan Division",2012,U.S. Bureau of Labor Statistics,23.12,41.02,35.86
19124,Dallas MSA Division,"Dallas-Plano-Irving, TX Metropolitan Division",2012,U.S. Bureau of Labor Statistics,22.88,43.22,33.9
19740,Denver MSA,"Denver-Aurora-Broomfield, CO",2012,U.S. Bureau of Labor Statistics,25.37,41.13,33.49
26420,Houston MSA,"Houston-Sugar Land-Baytown, TX",2012,U.S. Bureau of Labor Statistics,21.4,42.91,35.69
31084,Los Angeles MSA Division,"Los Angeles-Long Beach-Glendale, CA  Metropolitan Division",2012,U.S. Bureau of Labor Statistics,22.82,40.47,36.72
33460,Minneapolis MSA,"Minneapolis-St. Paul-Bloomington, MN-WI",2012,U.S. Bureau of Labor Statistics,24.9,41.36,33.74
35004,Nassau MSA,"Nassau-Suffolk, NY Metropolitan Division",2012,U.S. Bureau of Labor Statistics,19.6,43.94,36.47
35644,New York MSA Division,"New York-White Plains-Wayne, NY-NJ Metropolitan Division",2012,U.S. Bureau of Labor Statistics,26.9,39.45,33.65
36740,Orlando MSA,"Orlando-Kissimmee-Sanford, FL",2012,U.S. Bureau of Labor Statistics,17.36,40.23,42.41
37964,Philadelphia MSA Division,"Philadelphia, PA Metropolitan Division",2012,U.S. Bureau of Labor Statistics,24.2,41.71,34.09
38060,Phoenix MSA,"Phoenix-Mesa-Glendale, AZ",2012,U.S. Bureau of Labor Statistics,21.49,42.5,36.01
38300,Pittsburgh MSA,"Pittsburgh, PA",2012,U.S. Bureau of Labor Statistics,20.62,43.09,36.29
38900,Portland MSA,"Portland-Vancouver-Hillsboro, OR-WA",2012,U.S. Bureau of Labor Statistics,22.33,41.49,36.19
40140,Riverside MSA,"Riverside-San Bernardino-Ontario, CA",2012,U.S. Bureau of Labor Statistics,16.93,41.94,41.13
41180,"St. Louis, MO MSA","St. Louis, MO-IL",2012,U.S. Bureau of Labor Statistics,22.11,42.43,35.47
41740,San Diego MSA,"San Diego-Carlsbad-San Marcos, CA",2012,U.S. Bureau of Labor Statistics,24.47,39.82,35.71
41884,San Francisco MSA Division,"San Francisco-San Mateo-Redwood City, CA Metropolitan Division",2012,U.S. Bureau of Labor Statistics,31.11,35.2,33.68
42044,Santa Ana MSA Division,"Santa Ana-Anaheim-Irvine, CA Metropolitan Division",2012,U.S. Bureau of Labor Statistics,22.77,41.94,35.28
42644,Seattle MSA Division,"Seattle-Bellevue-Everett, WA Metropolitan Division",2012,U.S. Bureau of Labor Statistics,28.41,37.35,34.24
45300,Tampa MSA,"Tampa-St. Petersburg-Clearwater, FL",2012,U.S. Bureau of Labor Statistics,19.31,43.36,37.33
47644,Warren MSA Division,"Warren-Troy-Farmington Hills, MI Metropolitan Division",2012,U.S. Bureau of Labor Statistics,22.18,44.64,33.18
47894,Washington MSA Division,"Washington-Arlington-Alexandria, DC-VA-MD-WV Metropolitan Division",2012,U.S. Bureau of Labor Statistics,35.15,35.38,29.47
71654,Boston MSA Division,"Boston-Cambridge-Quincy, MA NECTA Division",2012,U.S. Bureau of Labor Statistics,32.41,36.81,30.78
